ref_filesize,cpu_time,wall_clock_time,peak_memory_usage
10000,33.38,19.81,0.748443603515625
20000,62.05,48.86,1.2132568359375
30000,74.46,68.56,1.7856864929199219
40000,96.94,90.77,2.3553733825683594
50000,132.8,120.42,2.9264678955078125
