ref_filesize,cpu_time,wall_clock_time,peak_memory_usage
10000,2.28,2.47,0.010650634765625
20000,4.77,5.16,0.01788330078125
30000,6.69,7.25,0.025115966796875
40000,8.46,9.03,0.032421112060546875
50000,10.37,10.84,0.03954315185546875
