ref_filesize,cpu_time,wall_clock_time,peak_memory_usage
10000,4.14,5.49,1.4588813781738281
20000,8.29,11.23,2.6649627685546875
30000,11.61,15.14,3.6682586669921875
40000,15.52,20.81,4.928775787353516
50000,18.86,24.97,5.815422058105469
