ref_filesize,cpu_time,wall_clock_time,peak_memory_usage
10000,31.48,18.79,0.6686553955078125
20000,48.81,36.86,1.2401275634765625
30000,65.18,54.9,1.8105087280273438
40000,90.81,82.46000000000001,2.385051727294922
50000,127.87,120.25,2.9600563049316406
