query_filesize,ref_filesize,cpu_time,wall_clock_time,peak_memory_usage
10000,10000,204.47,12.57,2.415107727
10000,20000,380.01,24.37,4.331439972
10000,30000,545.8,36.85,6.556518555
20000,10000,302.33,14.6,3.080425262
20000,20000,547.52,26.98,5.377666473
20000,30000,816.97,43.64,7.965732574
30000,10000,403.61,16.38,3.748374939
30000,20000,736.66,31.35,6.426616669
30000,30000,1043.56,47.25,9.372467041