ref_filesize,cpu_time,wall_clock_time,peak_memory_usage
10000,6.05,4.88,1.4627342224121094
20000,12.87,8.21,2.6674842834472656
30000,19.36,11.51,3.665019989013672
40000,28.41,15.75,4.927120208740234
50000,32.76,18.09,5.807842254638672
