filesize,cpu_time,wall_clock_time,peak_memory_usage
10000,68.28,68.57,1.3034210205078125
20000,134.9,133.14,1.8972129821777344
30000,195.83,205.06,2.7955970764160156
40000,269.48,276.15,3.690673828125
50000,348.36,360.26,4.592220306396484
