ref_filesize,cpu_time,wall_clock_time,peak_memory_usage
10000,37.02,24.78,0.6694526672363281
20000,53.23,49.53,1.2409553527832031
30000,82.19,73.13,1.8104515075683594
40000,106.16,98.03,2.3841896057128906
50000,127.68,121.55,2.960651397705078
