filesize,cpu_time,wall_clock_time,peak_memory_usage
10000,33.17,39.2,1.7743682861328125
20000,78.25,85.62,3.2980804443359375
30000,108.39,120.13,4.630786895751953
40000,146.96,245.95,6.2045135498046875
50000,190.05,216.12,7.409183502197266
