filesize,cpu_time,wall_clock_time,peak_memory_usage
10000,79.86,3.56,1.779632568359375
20000,170.82,6.44,3.3053207397460938
30000,237.37,10.64,4.663562774658203
40000,311.72,25.22,6.2127838134765625
50000,368.6,16.71,7.422050476074219
